<root>
        <package_id>783498234556</package_id>
        <sender>
            <matrixray_sender_id>c39a5a32-bbf9-4b7c-974a-4f0749d770ac</matrixray_sender_id>
            <first_name>Marc</first_name>
            <last_name>DiDomenico</last_name>
            <description>PACS Admin</description>
            <specialty>Radiology</specialty>
            <company>Marc's Hospital</company>
            <address_line_1>123 Main St</address_line_1>
            <address_line_2>Suite 200</address_line_2>
            <city>Arlington Heights</city>
            <state>Illinois</state>
            <zip>60005</zip>
            <country>United States</country>
        </sender>
        <patient>  
            <patient_first_name>Sue55</patient_first_name>
            <patient_last_name>Johnson555</patient_last_name>
            <patient_id>3215</patient_id>
            <patient_dob>3/5/1981</patient_dob>
        </patient>
</root>
