<root>
	<package_id>602461896904</package_id>
	<sender>
     	<matrixray_sender_id>ac84365e-5157-433f-abf8-bbd7197e20fb</matrixray_sender_id>
     	<first_name>Marc</first_name>
     	<last_name>DiDomenico</last_name>
     	<description>Principal Architect</description>
     	<specialty>Software</specialty>
          <company>Nautilus Medical</company>
          <address_line_1>1300 S. Grove Ave</address_line_1>
          <address_line_2>Suite 200</address_line_2>
          <city>Barrington</city>
          <state>Illinois</state>
          <zip>60010</zip>
          <country> United States</country>
	</sender>
	<patient>                            						 
		<patient_first_name>IVAN</patient_first_name>
		<patient_last_name>IVANOV</patient_last_name>
		<patient_id>789</patient_id>
        <patient_dob>09/04/2018</patient_dob>
     </patient>
</root>